<WrathmaniacsImmersiveSchematicsEasy>
	<append xpath="/lootcontainers/lootgroup[@name='schematicsWeaponsArmorT1']">
			<item name="junkMinesSchematic" />
	</append>
	<append xpath="/lootcontainers/lootgroup[@name='schematicsWeaponsArmorT2']">
			<item name="mineAirFilterSchematic" />
	</append>
	<append xpath="/lootcontainers/lootgroup[@name='schematicsModsAndGeneralT0']">
			<item name="armorMiningHelmetSchematic" />
			<item name="resourceLockPickSchematic" />
	</append>

	<append xpath="/lootcontainers/lootgroup[@name='schematicsToolsT2']">
			<item name="ammoGasCanBundleSchematic" />
	</append>

	<append xpath="/lootcontainers/lootgroup[@name='schematicsVehiclesT1']">
			<item name="carBatterySchematic" />
	</append>

	<append xpath="/lootcontainers/lootgroup[@name='schematicsModsAndGeneralT2']">
			<item name="drugRecogSchematic" />
			<item name="drugFortBitesSchematic" />
			<item name="drugSteroidsSchematic" />
	</append>

	<append xpath="/lootcontainers/lootgroup[@name='schematicsModsAndGeneralT1']">
			<item name="drugPainKillersSchematic" />
	</append>

	<append xpath="/lootcontainers/lootgroup[@name='schematicsElectrical']">
			<item name="poweredDoorsSchematic" />
			<item name="electricwirerelaySchematic" />
	</append>
</WrathmaniacsImmersiveSchematicsEasy>
