<WrathmaniacsBetterStartingItems>
	<append xpath="/items">
		<item name="startingBundle" >
			<property name="Extends"  value="ammoBundle9mmBulletBall"/>
			<property name="DisplayType"  value="ammoBulletFake" />
			<property name="CustomIcon"  value="backpackMedium" />
			<property name="EconomicValue"  value="10000" />
			<property class="Action0" >				  <!--  250					10						5				2				5				1			1			1 -->
				<property name="Create_item"  value="ammo9mmBulletBall,medicalFirstAidBandage,drugPainkillers,drinkJarBoiledWater,foodCanChili,meleeToolTorch,noteDuke01,keystoneBlock" />
				<property name="Create_item_count"  value="250,10,5,2,5,1,1,1" />
			</property>
		</item>
	</append>
</WrathmaniacsBetterStartingItems>
