<WrathmaniacsImmersiveSchematicsNormal>
	<append xpath="/progression/perks">
		<!-- Armor Modder Perk -->
		<perk name="perkArmorModder"  max_level="3" parent="skillIntellectCraftsmanship" name_key="perkArmorModderName" desc_key="perkArmorModderDesc" icon="ui_game_symbol_light_armor2">
			<level_requirements level="1">
				<requirement name="ProgressionLevel" operation="GTE" value="2" desc_key="reqIntellectLevel02" progression_name="attIntellect" />
			</level_requirements>
			<level_requirements level="2">
				<requirement name="ProgressionLevel" operation="GTE" value="5" desc_key="reqIntellectLevel05" progression_name="attIntellect" />
			</level_requirements>
			<level_requirements level="3">
				<requirement name="ProgressionLevel" operation="GTE" value="8" desc_key="reqIntellectLevel08" progression_name="attIntellect" />
			</level_requirements>
			<effect_group>
				<!-- These will stack with other perks if the recipe is tagged with both perks -->
				<passive_effect name="CraftingTime"  operation="perc_add"   level="1,3"  value="-.06,-.2" tags="perkArmorModder" />
				<!-- Completely based off of the appropriate schematic loot group tiers. -->
				<!--  Tier 0 -->
				<passive_effect name="RecipeTagUnlocked" operation="base_set" level="1,3" value="1" tags="modArmorCoolingMeshSchematic,modArmorImprovedFittingsSchematic,modArmorInsulatedLinerSchematic,modArmorMuffledConnectorsSchematic,modArmorPlatingBasicSchematic,modArmorStoragePocketSchematic" />
				<!--  Tier 1 -->
				<passive_effect name="RecipeTagUnlocked" operation="base_set" level="2,3" value="1" tags="modArmorBandolierSchematic,modArmorDoubleStoragePocketSchematic,modArmorHelmetLightSchematic" />
				<!--  Tier 2 -->
				<passive_effect name="RecipeTagUnlocked" operation="base_set" level="3,3" value="1" tags="modArmorAdvancedMuffledConnectorsSchematic,modArmorCustomizedFittingsSchematic,modArmorImpactBracingSchematic,modArmorPlatingReinforcedSchematic,modArmorTripleStoragePocketSchematic,modArmorWaterPurifierSchematic" />
				<effect_description level="1" desc_key="perkArmorModderRank1Desc" long_desc_key="perkArmorModderRank1LongDesc" />
				<effect_description level="2" desc_key="perkArmorModderRank2Desc" long_desc_key="perkArmorModderRank2LongDesc" />
				<effect_description level="3" desc_key="perkArmorModderRank3Desc" long_desc_key="perkArmorModderRank3LongDesc" />
			</effect_group>
		</perk>
		<!-- Melee Modder Perk -->
		<perk name="perkMeleeModder" max_level="3" parent="skillIntellectCraftsmanship" name_key="perkMeleeModderName" desc_key="perkMeleeModderDesc" icon="ui_game_symbol_club">
			<level_requirements level="1">
				<requirement name="ProgressionLevel" operation="GTE" value="2" desc_key="reqIntellectLevel02" progression_name="attIntellect" />
			</level_requirements>
			<level_requirements level="2">
				<requirement name="ProgressionLevel" operation="GTE" value="5" desc_key="reqIntellectLevel05" progression_name="attIntellect" />
			</level_requirements>
			<level_requirements level="3">
				<requirement name="ProgressionLevel" operation="GTE" value="8" desc_key="reqIntellectLevel08" progression_name="attIntellect" />
			</level_requirements>
			<effect_group>
				<!-- Completely based off of the appropriate schematic loot group tiers. -->
				<passive_effect name="CraftingTime"  operation="perc_add"   level="1,3"  value="-.06,-.2" tags="perkMeleeModder" />
				<!--  Tier 0 -->
				<passive_effect name="RecipeTagUnlocked" operation="base_set" level="1,3" value="1" tags="modMeleeClubBurningShaftSchematic,modGunMeleeTheHunterSchematic,modMeleeErgonomicGripSchematic,modMeleeGraveDiggerSchematic,modMeleeStructuralBraceSchematic,modMeleeTemperedBladeSchematic,modMeleeWeightedHeadSchematic,modMeleeWoodSplitterSchematic" />
				<!--  Tier 1 -->
				<passive_effect name="RecipeTagUnlocked" operation="base_set" level="2,3" value="1" tags="modMeleeBunkerBusterSchematic,modMeleeClubBarbedWireSchematic,modMeleeFortifyingGripSchematic,modMeleeIronBreakerSchematic,modMeleeSerratedBladeSchematic" />
				<!--  Tier 2 -->
				<passive_effect name="RecipeTagUnlocked" operation="base_set" level="3,3" value="1" tags="modGunMeleeRadRemoverSchematic,modMeleeClubMetalSpikesSchematic" />
				<effect_description level="1" desc_key="perkMeleeModderRank1Desc" long_desc_key="perkMeleeModderRank1LongDesc" />
				<effect_description level="2" desc_key="perkMeleeModderRank2Desc" long_desc_key="perkMeleeModderRank2LongDesc" />
				<effect_description level="3" desc_key="perkMeleeModderRank3Desc" long_desc_key="perkMeleeModderRank3LongDesc" />
			</effect_group>
		</perk>
		<!-- Gun Modder Perk -->
		<perk name="perkGunModder" max_level="3" parent="skillIntellectCraftsmanship" name_key="perkGunModderName" desc_key="perkGunModderDesc" icon="ui_game_symbol_gunslinger">
			<level_requirements level="1">
				<requirement name="ProgressionLevel" operation="GTE" value="2" desc_key="reqIntellectLevel02" progression_name="attIntellect" />
			</level_requirements>
			<level_requirements level="2">
				<requirement name="ProgressionLevel" operation="GTE" value="5" desc_key="reqIntellectLevel05" progression_name="attIntellect" />
			</level_requirements>
			<level_requirements level="3">
				<requirement name="ProgressionLevel" operation="GTE" value="8" desc_key="reqIntellectLevel08" progression_name="attIntellect" />
			</level_requirements>
			<effect_group>
				<passive_effect name="CraftingTime"  operation="perc_add"  level="1,3"  value="-.06,-.2" tags="perkGunModder" />
				<!-- Completely based off of the appropriate schematic loot group tiers. -->
				<!--  Tier 0 -->
				<passive_effect name="RecipeTagUnlocked" operation="base_set" level="1,3" value="1" tags="modGunBarrelExtenderSchematic,modGunDuckbillSchematic,modGunFlashlightSchematic,modGunForegripSchematic,modGunMeleeTheHunterSchematic,modGunRetractingStockSchematic,modGunScopeSmallSchematic,modGunTriggerGroupSemiSchematic,modShotgunSawedOffBarrelSchematic" />
				<!--  Tier 1 -->
				<passive_effect name="RecipeTagUnlocked" operation="base_set" level="2,3" value="1" tags="modGunBipodSchematic,modGunBowArrowRestSchematic,modGunChokeSchematic,modGunCrippleEmSchematic,modGunMagazineExtenderSchematic,modGunMuzzleBrakeSchematic,modGunReflexSightSchematic,modGunScopeMediumSchematic,modGunTriggerGroupBurst3Schematic" />
				<!--  Tier 2 -->
				<passive_effect name="RecipeTagUnlocked" operation="base_set" level="3,3" value="1" tags="modGunBowPolymerStringSchematic,modGunLaserSightSchematic,modGunMeleeRadRemoverSchematic,modGunScopeLargeSchematic,modGunSoundSuppressorSilencerSchematic,modGunTriggerGroupAutomaticSchematic" />
				<effect_description level="1" desc_key="perkGunModderRank1Desc" long_desc_key="perkGunModderRank1LongDesc" />
				<effect_description level="2" desc_key="perkGunModderRank2Desc" long_desc_key="perkGunModderRank2LongDesc" />
				<effect_description level="3" desc_key="perkGunModderRank3Desc" long_desc_key="perkGunModderRank3LongDesc" />
			</effect_group>
		</perk>
	</append>
	<!-- perkAdvancedEngineering -->
	<append xpath="/progression/perks[@min_level='0']/perk[@name='perkAdvancedEngineering']">
		<effect_group>
			<passive_effect name="CraftingTime"  operation="perc_add"  level="0,1,2,3,4,5"  value=".2,0,0,-.1,-.2,-.3" tags="schematicCrafting" />
		</effect_group>
	</append>
	<set xpath="/progression/perks[@min_level='0']/perk[@name='perkAdvancedEngineering']/effect_group/passive_effect[@name='RecipeTagUnlocked' and @level='5']/@tags">toolForgeCrucibleSchematic,autoTurretSchematic,toolBellowsSchematic</set>
	<set xpath="/progression/perks[@min_level='0']/perk[@name='perkAdvancedEngineering']/effect_group/passive_effect[@name='RecipeTagUnlocked' and @level='4,5']/@tags">batterybankSchematic,shotgunTurretSchematic,meleeToolRepairT3NailgunSchematic,poweredDoorsSchematic</set>
	<set xpath="/progression/perks[@min_level='0']/perk[@name='perkAdvancedEngineering']/effect_group/passive_effect[@name='RecipeTagUnlocked' and @level='3,5']/@tags">resourceMilitaryFiberSchematic,generatorbankSchematic,electricwirerelaySchematic,switchSchematic,armorMiningHelmetSchematic,spotlightPlayerSchematic,speakerSchematic,pressureplateSchematic,dartTrapSchematic,electrictimerrelaySchematic,motionsensorSchematic,electricfencepostSchematic,bladeTrapSchematic</set>
	<set xpath="/progression/perks[@min_level='0']/perk[@name='perkAdvancedEngineering']/effect_group/passive_effect[@name='RecipeTagUnlocked' and @level='2,5']/@tags">workbenchSchematic,chemistryStationSchematic,cementMixerSchematic,toolAnvilSchematic</set>
	<set xpath="/progression/perks[@min_level='0']/perk[@name='perkAdvancedEngineering']/effect_group/passive_effect[@name='RecipeTagUnlocked' and @level='1,5']/@tags">forgeSchematic</set>
	<!-- perkPhysician -->
	<append xpath="/progression/perks[@min_level='0']/perk[@name='perkPhysician']/effect_group">
		<passive_effect name="RecipeTagUnlocked"  operation="base_set"  level="2,4"  value="1"  tags="drugPainKillersSchematic"/>
	</append>
	<set xpath="/progression/perks[@min_level='0']/perk[@name='perkPhysician']/effect_group/passive_effect[@name='RecipeTagUnlocked' and @level='4']/@tags">drugFortBitesSchematic,drugRecogSchematic,drugAntibioticsSchematic</set>
	<set xpath="/progression/perks[@min_level='0']/perk[@name='perkPhysician']/effect_group/passive_effect[@name='RecipeTagUnlocked' and @level='3,4']/@tags">medicalFirstAidKitSchematic,drugSteroidsSchematic</set>
	<set xpath="/progression/perks[@min_level='0']/perk[@name='perkPhysician']/effect_group/passive_effect[@name='RecipeTagUnlocked' and @level='1,4']/@tags">chemistryStationSchematic,medicalFirstAidBandageSchematic,medicalPlasterCastSchematic</set>
	<!-- perkGreaseMonkey -->
	<set xpath="/progression/perks[@min_level='0']/perk[@name='perkGreaseMonkey']/effect_group/passive_effect[@name='RecipeTagUnlocked' and @level='5']/@tags">vehicleGyroCopterChassisSchematic,vehicleGyroCopterAccessoriesSchematic</set>
	<set xpath="/progression/perks[@min_level='0']/perk[@name='perkGreaseMonkey']/effect_group/passive_effect[@name='RecipeTagUnlocked' and @level='4,5']/@tags">ammoGasCanBundleSchematic,vehicle4x4TruckChassisSchematic,vehicle4x4TruckAccessoriesSchematic</set>
	<set xpath="/progression/perks[@min_level='0']/perk[@name='perkGreaseMonkey']/effect_group/passive_effect[@name='RecipeTagUnlocked' and @level='3,5']/@tags">resourceOilSchematic,vehicleMotorcycleChassisSchematic,vehicleMotorcycleHandlebarsSchematic</set>
	<set xpath="/progression/perks[@min_level='0']/perk[@name='perkGreaseMonkey']/effect_group/passive_effect[@name='RecipeTagUnlocked' and @level='2,5']/@tags">carBatterySchematic,ammoGasCanSchematic,vehicleMinibikeChassisSchematic,vehicleMinibikeHandlebarsSchematic</set>
	<set xpath="/progression/perks[@min_level='0']/perk[@name='perkGreaseMonkey']/effect_group/passive_effect[@name='RecipeTagUnlocked' and @level='1,5']/@tags">vehicleBicycleChassisSchematic,vehicleBicycleHandlebarsSchematic</set>
	<!-- perkTurrets -->
	<append xpath="/progression/perks[@min_level='0']/perk[@name='perkTurrets']">
		<effect_group>
			<passive_effect name="RecipeTagUnlocked" operation="base_set" level="3,5" value="1" tags="gunBotT2JunkTurretSchematic" />
		</effect_group>
	</append>
	<set xpath="/progression/perks[@min_level='0']/perk[@name='perkTurrets']/effect_group/passive_effect[@name='RecipeTagUnlocked' and @level='1,5']/@tags">gunBotT1JunkSledgeSchematic</set>
	<!-- perkElectrocutioner -->
	<set xpath="/progression/perks[@min_level='0']/perk[@name='perkElectrocutioner']/effect_group/passive_effect[@name='RecipeTagUnlocked' and @level='1,5']/@tags">meleeWpnBatonT2StunBatonSchematic</set>
	<!-- perkLightArmor -->
	<set xpath="/progression/perks[@min_level='0']/perk[@name='perkLightArmor']/effect_group/passive_effect[@name='RecipeTagUnlocked' and @level='1,5']/@tags">armorLeatherSetSchematic</set>
	<!-- perkDeepCuts -->
	<append xpath="/progression/perks[@min_level='0']/perk[@name='perkDeepCuts']">
		<effect_group>
			<passive_effect name="RecipeTagUnlocked" operation="base_set" level="5,5" value="1" tags="meleeWpnBladeT3MacheteSchematic" />
		</effect_group>
	</append>
	<set xpath="/progression/perks[@min_level='0']/perk[@name='perkDeepCuts']/effect_group/passive_effect[@name='RecipeTagUnlocked' and @level='1,5']/@tags">meleeWpnBladeT1HuntingKnifeSchematic</set>
	<!-- perkGunslinger -->
	<append xpath="/progression/perks[@min_level='0']/perk[@name='perkGunslinger']">
		<effect_group>
			<passive_effect name="RecipeTagUnlocked" operation="base_set" level="3,5" value="1" tags="gunHandgunT2Magnum44Schematic" />
			<passive_effect name="RecipeTagUnlocked" operation="base_set" level="5,5" value="1" tags="gunHandgunT3DesertVultureSchematic,gunHandgunT3SMG5Schematic" />
		</effect_group>
	</append>
	<set xpath="/progression/perks[@min_level='0']/perk[@name='perkGunslinger']/effect_group/passive_effect[@name='RecipeTagUnlocked' and @level='1,5']/@tags">gunHandgunT1PistolSchematic</set>
	<!-- perkArchery -->
	<append xpath="/progression/perks[@min_level='0']/perk[@name='perkArchery']">
		<effect_group>
			<passive_effect name="RecipeTagUnlocked" operation="base_set" level="5,5" value="1" tags="gunBowT3CompoundBowSchematic,gunBowT3CompoundCrossbowSchematic" />
		</effect_group>
	</append>
	<set xpath="/progression/perks[@min_level='0']/perk[@name='perkArchery']/effect_group/passive_effect[@name='RecipeTagUnlocked' and @level='1,5']/@tags">gunBowT1WoodenBowSchematic,gunBowT1IronCrossbowSchematic</set>
	<!-- perkLivingOffTheLand -->
	<set xpath="/progression/perks[@min_level='0']/perk[@name='perkLivingOffTheLand']/effect_group/passive_effect[@name='RecipeTagUnlocked' and @level='2,3']/@tags">plantedBlueberry1Schematic,plantedCoffee1Schematic,plantedCorn1Schematic,plantedCotton1Schematic,plantedMushroom1Schematic,plantedPotato1Schematic,plantedHop1Schematic,plantedPumpkin1Schematic,plantedGraceCorn1Schematic</set>
	<set xpath="/progression/perks[@min_level='0']/perk[@name='perkLivingOffTheLand']/effect_group/passive_effect[@name='RecipeTagUnlocked' and @level='1,3']/@tags">plantedAloe1Schematic,plantedChrysanthemum1Schematic,plantedGoldenrod1Schematic,plantedYucca1Schematic</set>
	<!-- perkMachineGunner -->
	<append xpath="/progression/perks[@min_level='0']/perk[@name='perkMachineGunner']">
		<effect_group>
			<passive_effect name="RecipeTagUnlocked" operation="base_set" level="3,5" value="1" tags="gunMGT2TacticalARSchematic" />
			<passive_effect name="RecipeTagUnlocked" operation="base_set" level="5,5" value="1" tags="gunMGT3M60Schematic" />
		</effect_group>
	</append>
	<set xpath="/progression/perks[@min_level='0']/perk[@name='perkMachineGunner']/effect_group/passive_effect[@name='RecipeTagUnlocked' and @level='1,5']/@tags">gunMGT1AK47Schematic</set>
	<!-- perkBrawler -->
	<append xpath="/progression/perks[@min_level='0']/perk[@name='perkBrawler']">
		<effect_group>
			<passive_effect name="RecipeTagUnlocked" operation="base_set" level="5,5" value="1" tags="meleeWpnKnucklesT3SteelKnucklesSchematic" />
		</effect_group>
	</append>
	<set xpath="/progression/perks[@min_level='0']/perk[@name='perkBrawler']/effect_group/passive_effect[@name='RecipeTagUnlocked' and @level='1,5']/@tags">meleeWpnKnucklesT1IronKnucklesSchematic</set>
	<!-- perkMiner69r -->
	<append xpath="/progression/perks[@min_level='0']/perk[@name='perkMiner69r']">
		<effect_group>
			<passive_effect name="RecipeTagUnlocked" operation="base_set" level="3,5" value="1" tags="meleeToolSteelSetSchematic" />
			<passive_effect name="RecipeTagUnlocked" operation="base_set" level="5,5" value="1" tags="meleeToolPickT3AugerSchematic,meleeToolAxeT3ChainsawSchematic" />
		</effect_group>
	</append>
	<set xpath="/progression/perks[@min_level='0']/perk[@name='perkMiner69r']/effect_group/passive_effect[@name='RecipeTagUnlocked' and @level='1,5']/@tags">meleeToolIronSetSchematic,meleeToolFarmT1IronHoeSchematic</set>
	<!-- perkMasterChef -->
	<set xpath="/progression/perks[@min_level='0']/perk[@name='perkMasterChef']/effect_group/passive_effect[@name='RecipeTagUnlocked' and @level='5,5']/@tags">drinkJarGrandpasMoonshineSchematic,drinkJarGrandpasAwesomeSauceSchematic,drinkJarGrandpasLearningElixirSchematic</set>
	<set xpath="/progression/perks[@min_level='0']/perk[@name='perkMasterChef']/effect_group/passive_effect[@name='RecipeTagUnlocked' and @level='4,5']/@tags">foodGumboStewSchematic,foodShepardsPieSchematic,foodSpaghettiSchematic,foodTunaFishGravyToastSchematic</set>
	<set xpath="/progression/perks[@min_level='0']/perk[@name='perkMasterChef']/effect_group/passive_effect[@name='RecipeTagUnlocked' and @level='3,5']/@tags">foodShamChowderSchematic,foodHoboStewSchematic,foodFishTacosSchematic,drinkYuccaJuiceSmoothieSchematic,foodChiliDogSchematic,drinkJarBeerSchematic</set>
	<set xpath="/progression/perks[@min_level='0']/perk[@name='perkMasterChef']/effect_group/passive_effect[@name='RecipeTagUnlocked' and @level='2,5']/@tags">foodSteakAndPotatoSchematic,foodBlueberryPieSchematic,foodMeatStewSchematic,foodVegetableStewSchematic,foodPumpkinPieSchematic,foodPumpkinCheesecakeSchematic,foodPumpkinBreadSchematic</set>
	<set xpath="/progression/perks[@min_level='0']/perk[@name='perkMasterChef']/effect_group/passive_effect[@name='RecipeTagUnlocked' and @level='1,5']/@tags">foodBaconAndEggsSchematic,foodBoiledMeatSchematic,foodGrilledMeatSchematic,foodBakedPotatoSchematic,foodCornBreadSchematic,foodCornOnTheCobSchematic,drinkJarRedTeaSchematic,drinkJarCoffeeSchematic,drinkJarGoldenRodTeaSchematic</set>
	<!-- perkHeavyArmor -->
	<append xpath="/progression/perks[@min_level='0']/perk[@name='perkHeavyArmor']">
		<effect_group>
			<passive_effect name="RecipeTagUnlocked" operation="base_set" level="5" value="1" tags="armorSteelSetSchematic" />
		</effect_group>
	</append>
	<set xpath="/progression/perks[@min_level='0']/perk[@name='perkHeavyArmor']/effect_group/passive_effect[@name='RecipeTagUnlocked' and @level='1,5']/@tags">armorIronSetSchematic</set>
	<!-- perkSkullCrusher -->
	<append xpath="/progression/perks[@min_level='0']/perk[@name='perkSkullCrusher']">
		<effect_group>
			<passive_effect name="RecipeTagUnlocked" operation="base_set" level="5,5" value="1" tags="meleeWpnSledgeT3SteelSledgehammerSchematic" />
		</effect_group>
	</append>
	<set xpath="/progression/perks[@min_level='0']/perk[@name='perkSkullCrusher']/effect_group/passive_effect[@name='RecipeTagUnlocked' and @level='1,5']/@tags">meleeWpnSledgeT1IronSledgehammerSchematic</set>
	<!-- perkPummelPete -->
	<set xpath="/progression/perks[@min_level='0']/perk[@name='perkPummelPete']/effect_group/passive_effect[@name='RecipeTagUnlocked' and @level='1,5']/@tags">meleeWpnClubT1BaseballBatSchematic</set>
	<!-- perkBoomstick -->
	<append xpath="/progression/perks[@min_level='0']/perk[@name='perkBoomstick']">
		<effect_group>
			<passive_effect name="RecipeTagUnlocked" operation="base_set" level="3,5" value="1" tags="gunShotgunT2PumpShotgunSchematic" />
			<passive_effect name="RecipeTagUnlocked" operation="base_set" level="5,5" value="1" tags="gunShotgunT3AutoShotgunSchematic" />
		</effect_group>
	</append>
	<set xpath="/progression/perks[@min_level='0']/perk[@name='perkBoomstick']/effect_group/passive_effect[@name='RecipeTagUnlocked' and @level='1,5']/@tags">gunShotgunT1DoubleBarrelSchematic</set>
	<!-- perkSalvageOperations -->
	<append xpath="/progression/perks[@min_level='0']/perk[@name='perkSalvageOperations']">
		<effect_group>
			<passive_effect name="RecipeTagUnlocked" operation="base_set" level="3,5" value="1" tags="meleeToolSalvageT2RatchetSchematic" />
			<passive_effect name="RecipeTagUnlocked" operation="base_set" level="5,5" value="1" tags="meleeToolSalvageT3ImpactDriverSchematic" />
		</effect_group>
	</append>
	<set xpath="/progression/perks[@min_level='0']/perk[@name='perkSalvageOperations']/effect_group/passive_effect[@name='RecipeTagUnlocked' and @level='1,5']/@tags">meleeToolSalvageT1WrenchSchematic</set>
	<set xpath="/progression/perks[@min_level='0']/perk[@name='perkLockPicking']/effect_group/passive_effect[@name='RecipeTagUnlocked']/@tags">resourceLockPickSchematic</set>
	<set xpath="/progression/perks[@min_level='0']/perk[@name='perkJavelinMaster']/effect_group/passive_effect[@name='RecipeTagUnlocked']/@tags">meleeWpnSpearT1IronSpearSchematic</set>
	<!-- perkDemolitionsExpert -->
	<set xpath="/progression/perks[@min_level='0']/perk[@name='perkDemolitionsExpert']/effect_group/passive_effect[@name='RecipeTagUnlocked' and @level='5,5']/@tags">thrownGrenadeContactSchematic,mineAirFilterSchematic</set>
	<set xpath="/progression/perks[@min_level='0']/perk[@name='perkDemolitionsExpert']/effect_group/passive_effect[@name='RecipeTagUnlocked' and @level='4,5']/@tags">gunExplosivesT3RocketLauncherSchematic</set>
	<set xpath="/progression/perks[@min_level='0']/perk[@name='perkDemolitionsExpert']/effect_group/passive_effect[@name='RecipeTagUnlocked' and @level='3,5']/@tags">thrownGrenadeSchematic,resourceGunPowderBundle</set>
	<set xpath="/progression/perks[@min_level='0']/perk[@name='perkDemolitionsExpert']/effect_group/passive_effect[@name='RecipeTagUnlocked' and @level='2,5']/@tags">thrownDynamiteSchematic,junkMinesSchematic</set>
	<set xpath="/progression/perks[@min_level='0']/perk[@name='perkDemolitionsExpert']/effect_group/passive_effect[@name='RecipeTagUnlocked' and @level='1,5']/@tags">thrownAmmoPipeBombSchematic</set>
	<!-- perkDeadEye -->
	<append xpath="/progression/perks[@min_level='0']/perk[@name='perkDeadEye']">
		<effect_group>
			<passive_effect name="RecipeTagUnlocked" operation="base_set" level="3,5" value="1" tags="gunRifleT2MarksmanRifleSchematic" />
			<passive_effect name="RecipeTagUnlocked" operation="base_set" level="5,5" value="1" tags="gunRifleT3SniperRifleSchematic" />
		</effect_group>
	</append>
	<set xpath="/progression/perks[@min_level='0']/perk[@name='perkDeadEye']/effect_group/passive_effect[@name='RecipeTagUnlocked']/@tags">gunRifleT1HuntingRifleSchematic</set>
</WrathmaniacsImmersiveSchematicsNormal>
