<WrathmaniacsAllPartsCraftable>
	<append xpath="/items">
		<item name="Disassemble Item">
			<property name="ItemTypeIcon" value="bundle" />
			<property name="DescriptionKey" value="dissassembleItemGroupDesc" />
			<property name="HoldType" value="45" />
			<property name="Meshfile" value="@:Other/Items/Misc/sackPrefab.prefab"/>
			<property name="DropMeshfile" value="@:Other/Items/Misc/sack_droppedPrefab.prefab"/>
			<property name="Material" value="Msteel" />
			<property name="Stacknumber" value="30000" />
			<property name="Weight" value="0" />
			<property name="Group" value="Resources" />
		</item>
		<item name="Disassemble Steel Club Parts">
			<property name="Extends" value="Disassemble Item" />
			<property name="CustomIcon" value="meleeWpnClubT3SteelClubParts" />
			<property name="ItemTypeIcon" value="bundle" />
			<property name="UnlockedBy" value="craftingClubs" />
			<property class="Action0">
				<property name="Class" value="OpenBundle" />
				<property name="Delay" value="0" />
				<property name="Use_time" value="0" />
				<property name="Sound_start" value="close_garbage" />
				<property name="Create_item" value="resourceSpring,resourceMechanicalParts,resourceForgedSteel" />
				<property name="Create_item_count" value="1,3,7" />
			</property>
		</item>
		<item name="Disassemble meleeToolSledgehammerSteelParts">
			<property name="Extends" value="Disassemble Item" />
			<property name="CustomIcon" value="meleeWpnSledgeT3SteelSledgehammerParts" />
			<property name="ItemTypeIcon" value="bundle" />
			<property name="UnlockedBy" value="craftingSledgehammers" />
			<property class="Action0">
				<property name="Class" value="OpenBundle" />
				<property name="Delay" value="0" />
				<property name="Use_time" value="0" />
				<property name="Sound_start" value="close_garbage" />
				<property name="Create_item" value="resourceSpring,resourceMechanicalParts,resourceForgedSteel" />
				<property name="Create_item_count" value="1,2,10" />
			</property>
		</item>
		<item name="Disassemble meleeThrownSpearSteelParts">
			<property name="Extends" value="Disassemble Item" />
			<property name="CustomIcon" value="meleeWpnSpearT3SteelSpearParts" />
			<property name="ItemTypeIcon" value="bundle" />
			<property name="UnlockedBy" value="craftingSpears" />
			<property class="Action0">
				<property name="Class" value="OpenBundle" />
				<property name="Delay" value="0" />
				<property name="Use_time" value="0" />
				<property name="Sound_start" value="close_garbage" />
				<property name="Create_item" value="resourceSpring,resourceMechanicalParts,resourceForgedSteel" />
				<property name="Create_item_count" value="1,3,7" />
			</property>
		</item>
		<item name="Disassemble meleeToolKnifeMacheteParts">
			<property name="Extends" value="Disassemble Item" />
			<property name="CustomIcon" value="meleeWpnBladeT3MacheteParts" />
			<property name="ItemTypeIcon" value="bundle" />
			<property name="UnlockedBy" value="craftingBlades" />
			<property class="Action0">
				<property name="Class" value="OpenBundle" />
				<property name="Delay" value="0" />
				<property name="Use_time" value="0" />
				<property name="Sound_start" value="close_garbage" />
				<property name="Create_item" value="resourceSpring,resourceMechanicalParts,resourceForgedSteel" />
				<property name="Create_item_count" value="1,2,7" />
			</property>
		</item>
		<item name="Disassemble meleeKnucklesSteelParts">
			<property name="Extends" value="Disassemble Item" />
			<property name="CustomIcon" value="meleeWpnKnucklesT3SteelKnucklesParts" />
			<property name="UnlockedBy" value="craftingKnuckles" />
			<property name="ItemTypeIcon" value="bundle" />
			<property class="Action0">
				<property name="Class" value="OpenBundle" />
				<property name="Delay" value="0" />
				<property name="Use_time" value="0" />
				<property name="Sound_start" value="close_garbage" />
				<property name="Create_item" value="resourceSpring,resourceMechanicalParts,resourceForgedSteel" />
				<property name="Create_item_count" value="1,2,5" />
			</property>
		</item>
		<item name="Disassemble meleeStunBatonParts">
			<property name="Extends" value="Disassemble Item" />
			<property name="CustomIcon" value="meleeWpnBatonT2StunBatonParts" />
			<property name="ItemTypeIcon" value="bundle" />
			<property name="UnlockedBy" value="craftingRobotics" />
			<property class="Action0">
				<property name="Class" value="OpenBundle" />
				<property name="Delay" value="0" />
				<property name="Use_time" value="0" />
				<property name="Sound_start" value="close_garbage" />
				<property name="Create_item" value="resourceSpring,resourceMechanicalParts,resourceForgedSteel" />
				<property name="Create_item_count" value="1,2,5" />
			</property>
		</item>
		<item name="Disassemble gunJunkTurretParts">
			<property name="Extends" value="Disassemble Item" />
			<property name="CustomIcon" value="gunBotRoboticsParts" />
			<property name="ItemTypeIcon" value="bundle" />
			<property name="UnlockedBy" value="craftingRobotics" />
			<property class="Action0">
				<property name="Class" value="OpenBundle" />
				<property name="Delay" value="0" />
				<property name="Use_time" value="0" />
				<property name="Sound_start" value="close_garbage" />
				<property name="Create_item" value="resourceSpring,resourceMechanicalParts,resourceForgedSteel" />
				<property name="Create_item_count" value="1,2,5" />
			</property>
		</item>
		<item name="Disassemble gunRocketLauncherParts">
			<property name="Extends" value="Disassemble Item" />
			<property name="CustomIcon" value="gunExplosivesT3RocketLauncherParts" />
			<property name="ItemTypeIcon" value="bundle" />
			<property name="UnlockedBy" value="craftingExplosives" />
			<property class="Action0">
				<property name="Class" value="OpenBundle" />
				<property name="Delay" value="0" />
				<property name="Use_time" value="0" />
				<property name="Sound_start" value="close_garbage" />
				<property name="Create_item" value="resourceSpring,resourceMechanicalParts,resourceForgedSteel" />
				<property name="Create_item_count" value="2,6,12" />
			</property>
		</item>
		<item name="Disassemble gunAk47Parts">
			<property name="Extends" value="Disassemble Item" />
			<property name="CustomIcon" value="gunMGT1AK47Parts" />
			<property name="ItemTypeIcon" value="bundle" />
			<property name="UnlockedBy" value="craftingMachineGuns" />
			<property class="Action0">
				<property name="Class" value="OpenBundle" />
				<property name="Delay" value="0" />
				<property name="Use_time" value="0" />
				<property name="Sound_start" value="close_garbage" />
				<property name="Create_item" value="resourceSpring,resourceMechanicalParts,resourceForgedSteel" />
				<property name="Create_item_count" value="2,5,10" />
			</property>
		</item>
		<item name="Disassemble gunHuntingRifleParts">
			<property name="Extends" value="Disassemble Item" />
			<property name="CustomIcon" value="gunRifleT1HuntingRifleParts" />
			<property name="ItemTypeIcon" value="bundle" />
			<property name="UnlockedBy" value="craftingRifles"/>
			<property class="Action0">
				<property name="Class" value="OpenBundle" />
				<property name="Delay" value="0" />
				<property name="Use_time" value="0" />
				<property name="Sound_start" value="close_garbage" />
				<property name="Create_item" value="resourceSpring,resourceMechanicalParts,resourceForgedSteel" />
				<property name="Create_item_count" value="2,3,8" />
			</property>
		</item>
		<item name="Disassemble armorSteelSetParts">
			<property name="Extends" value="Disassemble Item" />
			<property name="CustomIcon" value="armorSteelSetParts" />
			<property name="ItemTypeIcon" value="bundle" />
			<property name="UnlockedBy" value="craftingArmor"/>
			<property class="Action0">
				<property name="Class" value="OpenBundle" />
				<property name="Delay" value="0" />
				<property name="Use_time" value="0" />
				<property name="Sound_start" value="close_garbage" />
				<property name="Create_item" value="resourceSpring,resourceMechanicalParts,resourceForgedSteel" />
				<property name="Create_item_count" value="1,2,5" />
			</property>
		</item>
		<item name="Disassemble meleeToolAllSteelParts">
			<property name="Extends" value="Disassemble Item" />
			<property name="CustomIcon" value="meleeToolAllSteelParts" />
			<property name="ItemTypeIcon" value="bundle" />
			<property name="UnlockedBy" value="craftingHarvestingTools" />
			<property class="Action0">
				<property name="Class" value="OpenBundle" />
				<property name="Delay" value="0" />
				<property name="Use_time" value="0" />
				<property name="Sound_start" value="close_garbage" />
				<property name="Create_item" value="resourceSpring,resourceMechanicalParts,resourceForgedSteel" />
				<property name="Create_item_count" value="1,2,5" />
			</property>
		</item>
		<item name="Disassemble gunBowWoodenParts">
			<property name="Extends" value="Disassemble Item" />
			<property name="CustomIcon" value="gunBowT1WoodenBowParts" />
			<property name="UnlockedBy" value="craftingBows" />
			<property name="ItemTypeIcon" value="bundle" />
			<property class="Action0">
				<property name="Class" value="OpenBundle" />
				<property name="Delay" value="0" />
				<property name="Use_time" value="0" />
				<property name="Sound_start" value="close_garbage" />
				<property name="Create_item" value="resourceSpring,resourceMechanicalParts,resourceForgedIron" />
				<property name="Create_item_count" value="1,2,5" />
			</property>
		</item>
		<item name="Disassemble gunPistolParts">
			<property name="Extends" value="Disassemble Item" />
			<property name="CustomIcon" value="gunHandgunT1PistolParts" />
			<property name="ItemTypeIcon" value="bundle" />
			<property name="UnlockedBy" value="craftingHandguns" />
			<property class="Action0">
				<property name="Class" value="OpenBundle" />
				<property name="Delay" value="0" />
				<property name="Use_time" value="0" />
				<property name="Sound_start" value="close_garbage" />
				<property name="Create_item" value="resourceSpring,resourceMechanicalParts,resourceForgedSteel" />
				<property name="Create_item_count" value="1,2,5" />
			</property>
		</item>
		<item name="Disassemble armorMilitarySetParts">
			<property name="Extends" value="Disassemble Item" />
			<property name="CustomIcon" value="armorMilitarySetParts" />
			<property name="ItemTypeIcon" value="bundle" />
			<property name="UnlockedBy" value="craftingArmor"  />
			<property class="Action0">
				<property name="Class" value="OpenBundle" />
				<property name="Delay" value="0" />
				<property name="Use_time" value="0" />
				<property name="Sound_start" value="close_garbage" />
				<property name="Create_item" value="resourceForgedSteel,resourceMechanicalParts,resourceSpring" />
				<property name="Create_item_count" value="10,5,2" />
			</property>
		</item>
		<item name="Disassemble meleeToolChainsawParts">
			<property name="Extends" value="Disassemble Item" />
			<property name="CustomIcon" value="meleeToolAxeT3ChainsawParts" />
			<property name="ItemTypeIcon" value="bundle" />
			<property name="UnlockedBy" value="craftingHarvestingTools" />
			<property class="Action0">
				<property name="Class" value="OpenBundle" />
				<property name="Delay" value="0" />
				<property name="Use_time" value="0" />
				<property name="Sound_start" value="close_garbage" />
				<property name="Create_item" value="resourceForgedSteel,resourceMechanicalParts,resourceSpring" />
				<property name="Create_item_count" value="10,5,2" />
			</property>
		</item>
		<item name="Disassemble gunDoubleBarrelShotgunParts">
			<property name="Extends" value="Disassemble Item" />
			<property name="CustomIcon" value="gunShotgunT1DoubleBarrelParts" />
			<property name="ItemTypeIcon" value="bundle" />
			<property name="UnlockedBy" value="craftingShotguns" />
			<property class="Action0">
				<property name="Class" value="OpenBundle" />
				<property name="Delay" value="0" />
				<property name="Use_time" value="0" />
				<property name="Sound_start" value="close_garbage" />
				<property name="Create_item" value="resourceSpring,resourceMechanicalParts,resourceForgedSteel" />
				<property name="Create_item_count" value="1,3,8" />
			</property>
		</item>
	</append>
	<append xpath="/items/item[@name='meleeWpnClubT3SteelClubParts']">
		<property name="UnlockedBy" value="craftingClubs" />
	</append>
	<append xpath="/items/item[@name='meleeToolAllSteelParts']">
		<property name="UnlockedBy" value="craftingHarvestingTools"/>
	</append>
	<append xpath="/items/item[@name='armorSteelSetParts']">
		<property name="UnlockedBy" value="craftingArmor"/>
	</append>
	<append xpath="/items/item[@name='meleeWpnSledgeT3SteelSledgehammerParts']">
		<property name="UnlockedBy" value="craftingSledgehammers"/>
	</append>
	<append xpath="/items/item[@name='meleeWpnSpearT3SteelSpearParts']">
		<property name="UnlockedBy" value="craftingSpears"/>
	</append>
	<append xpath="/items/item[@name='meleeWpnBladeT3MacheteParts']">
		<property name="UnlockedBy" value="craftingBlades"/>
	</append>
	<append xpath="/items/item[@name='meleeWpnKnucklesT3SteelKnucklesParts']">
		<property name="UnlockedBy" value="craftingKnuckles"/>
	</append>
	<append xpath="/items/item[@name='meleeWpnBatonT2StunBatonParts']">
		<property name="UnlockedBy" value="craftingRobotics"/>
	</append>
	<append xpath="/items/item[@name='gunExplosivesT3RocketLauncherParts']">
		<property name="UnlockedBy" value="craftingExplosives" />
	</append>
	<append xpath="/items/item[@name='gunBowT1WoodenBowParts']">
		<property name="UnlockedBy" value="craftingBows"/>
	</append>
	<append xpath="/items/item[@name='gunShotgunT1DoubleBarrelParts']">
		<property name="UnlockedBy" value="craftingShotguns"/>
	</append>
	<append xpath="/items/item[@name='gunRifleT1HuntingRifleParts']">
		<property name="UnlockedBy" value="craftingRifles" />
	</append>
	<append xpath="/items/item[@name='gunHandgunT1PistolParts']">
		<property name="UnlockedBy" value="craftingHandguns"/>
	</append>
	<append xpath="/items/item[@name='gunMGT1AK47Parts']">
		<property name="UnlockedBy" value="craftingMachineGuns"/>
	</append>
	<append xpath="/items/item[@name='meleeToolAxeT3ChainsawParts']">
		<property name="UnlockedBy" value="craftingHarvestingTools" />
	</append>
	<append xpath="/items/item[@name='armorMilitarySetParts']">
		<property name="UnlockedBy" value="craftingArmor" />
	</append>
	<append xpath="/items/item[@name='gunBotRoboticsParts']">
		<property name="UnlockedBy" value="craftingRobotics" />
	</append>
</WrathmaniacsAllPartsCraftable>
