<WrathmaniacsAllPartsCraftable>
	<append xpath="/progression/perks[@min_level='0']/perk[@name='perkBatterUpBaseballBats']/effect_group/passive_effect[@name='RecipeTagUnlocked']/@tags">,meleeWpnClubT3SteelClubParts,Disassemble Steel Club Parts</append>
	<append xpath="/progression/perks[@min_level='0']/perk[@name='perkMiner69r']/effect_group">
		<passive_effect name="RecipeTagUnlocked"  operation="base_set"  level="3,5"  value="1"  tags="meleeToolAllSteelParts,Disassemble meleeToolAllSteelParts"/>
		<passive_effect name="RecipeTagUnlocked"  operation="base_set"  level="5,5"  value="1"  tags="meleeToolAxeT3ChainsawParts,Disassemble meleeToolChainsawParts"/>
	</append>
	<append xpath="/progression/perks/perk[@name='perkSkullCrusher']/effect_group">
		<passive_effect name="RecipeTagUnlocked"  operation="base_set"  level="3,5"  value="1"  tags="meleeWpnSledgeT3SteelSledgehammerParts,Disassemble meleeToolSledgehammerSteelParts"/>
	</append>
	<append xpath="/progression/perks/perk[@name='perkJavelinMaster']/effect_group">
		<passive_effect name="RecipeTagUnlocked"  operation="base_set"  level="3,5"  value="1"  tags="meleeWpnSpearT3SteelSpearParts,Disassemble meleeThrownSpearSteelParts" />
	</append>
	<append xpath="/progression/perks/perk[@name='perkDeepCuts']/effect_group">
		<passive_effect name="RecipeTagUnlocked"  operation="base_set"  level="3,5"  value="1"  tags="meleeWpnBladeT3MacheteParts,Disassemble meleeToolKnifeMacheteParts" />
	</append>
	<append xpath="/progression/perks/perk[@name='perkBrawler']/effect_group">
		<passive_effect name="RecipeTagUnlocked"  operation="base_set"  level="3,5"  value="1"  tags="meleeWpnKnucklesT3SteelKnucklesParts,Disassemble meleeKnucklesSteelParts" />
	</append>
	<append xpath="/progression/perks/perk[@name='perkPummelPete']/effect_group">
		<passive_effect name="RecipeTagUnlocked"  operation="base_set"  level="3,5"  value="1"  tags="meleeWpnClubT3SteelClubParts,Disassemble Steel Club Parts" />
	</append>
	<append xpath="/progression/perks/perk[@name='perkElectrocutioner']/effect_group">
		<passive_effect name="RecipeTagUnlocked"  operation="base_set"  level="3,5"  value="1"  tags="meleeWpnBatonT2StunBatonParts,Disassemble meleeStunBatonParts" />
	</append>
	<append xpath="/progression/perks/perk[@name='perkDemolitionsExpert']/effect_group">
		<passive_effect name="RecipeTagUnlocked"  operation="base_set"  level="5,5"  value="1"  tags="gunExplosivesT3RocketLauncherParts,Disassemble gunRocketLauncherParts"/>
	</append>
	<append xpath="/progression/perks/perk[@name='perkArchery']/effect_group">
		<passive_effect name="RecipeTagUnlocked"  operation="base_set"  level="2,5"  value="1"  tags="gunBowT1WoodenBowParts,Disassemble gunBowWoodenParts" />
	</append>
	<append xpath="/progression/perks/perk[@name='perkBoomstick']/effect_group">
		<passive_effect name="RecipeTagUnlocked"  operation="base_set"  level="2,5"  value="1"  tags="gunShotgunT1DoubleBarrelParts,Disassemble gunDoubleBarrelShotgunParts"/>
	</append>
	<append xpath="/progression/perks/perk[@name='perkGunslinger']/effect_group">
		<passive_effect name="RecipeTagUnlocked"  operation="base_set"  level="2,5"  value="1"  tags="gunHandgunT1PistolParts,Disassemble gunPistolParts" />
	</append>
	<append xpath="/progression/perks/perk[@name='perkDeadEye']/effect_group">
		<passive_effect name="RecipeTagUnlocked"  operation="base_set"  level="2,5"  value="1"  tags="gunRifleT1HuntingRifleParts,Disassemble gunHuntingRifleParts" />
	</append>
	<append xpath="/progression/perks/perk[@name='perkMachineGunner']/effect_group">
		<passive_effect name="RecipeTagUnlocked"  operation="base_set"  level="2,5"  value="1"  tags="gunMGT1AK47Parts,Disassemble gunAk47Parts" />
	</append>
	<append xpath="/progression/perks/perk[@name='perkUrbanCombatRoomClearing']/effect_group">
		<passive_effect name="RecipeTagUnlocked" operation="base_set" level="1" value="1" tags="armorMilitarySetParts,Disassemble armorMilitarySetParts"/>
	</append>
	<append xpath="/progression/perks/perk[@name='perkLightArmor']/effect_group">
		<passive_effect name="RecipeTagUnlocked" operation="base_set" level="4,4" value="1" tags="armorMilitarySetParts,Disassemble armorMilitarySetParts"/>
	</append>
	<append xpath="/progression/perks/perk[@name='perkHeavyArmor']/effect_group">
		<passive_effect name="RecipeTagUnlocked" operation="base_set" level="4,4" value="1" tags="armorSteelSetParts,Disassemble armorSteelSetParts"/>
	</append>
	<append xpath="/progression/perks/perk[@name='perkTechJunkie7Hydraulics']/effect_group">
		<passive_effect name="RecipeTagUnlocked" operation="base_set" level="1" value="1" tags="gunBotRoboticsParts,Disassemble gunJunkTurretParts"/>
	</append>
	<append xpath="/progression/perks/perk[@name='perkTurrets']/effect_group">
		<passive_effect name="RecipeTagUnlocked" operation="base_set" level="2,5" value="1" tags="gunBotRoboticsParts,Disassemble gunJunkTurretParts"/>
	 </append>
</WrathmaniacsAllPartsCraftable>
