<WrathmaniacsAllPartsCraftable>
	<append xpath="/recipes">
		<recipe name="Disassemble Steel Club Parts" count="1" tags="learnable,workbenchCrafting" craft_area="workbench" craft_time="16">
			<ingredient name="meleeWpnClubT3SteelClubParts" count="1" />
		</recipe>
		<recipe name="meleeWpnClubT3SteelClubParts" count="1" tags="learnable,workbenchCrafting" craft_area="workbench" craft_time="30">
			<ingredient name="resourceSpring" count="1" />
			<ingredient name="resourceMechanicalParts" count="3" />
			<ingredient name="resourceForgedSteel" count="7" />
		</recipe>
		<recipe name="Disassemble meleeToolSledgehammerSteelParts" count="1" tags="learnable,workbenchCrafting" craft_area="workbench" craft_time="16">
			<ingredient name="meleeWpnSledgeT3SteelSledgehammerParts" count="1" />
		</recipe>
		<recipe name="Disassemble meleeThrownSpearSteelParts" count="1" tags="learnable,workbenchCrafting" craft_area="workbench" craft_time="16">
			<ingredient name="meleeWpnSpearT3SteelSpearParts" count="1" />
		</recipe>
		<recipe name="Disassemble meleeToolKnifeMacheteParts" count="1" tags="learnable,workbenchCrafting" craft_area="workbench" craft_time="16">
			<ingredient name="meleeWpnBladeT3MacheteParts" count="1" />
		</recipe>
		<recipe name="Disassemble meleeKnucklesSteelParts" count="1" tags="learnable,workbenchCrafting" craft_area="workbench" craft_time="16">
			<ingredient name="meleeWpnKnucklesT3SteelKnucklesParts" count="1" />
		</recipe>
		<recipe name="Disassemble meleeStunBatonParts" count="1" tags="learnable,workbenchCrafting" craft_area="workbench" craft_time="16">
			<ingredient name="meleeWpnBatonT2StunBatonParts" count="1" />
		</recipe>
		<recipe name="Disassemble gunJunkTurretParts" count="1" tags="learnable,workbenchCrafting" craft_area="workbench" craft_time="16">
			<ingredient name="gunBotRoboticsParts" count="1" />
		</recipe>
		<recipe name="Disassemble gunRocketLauncherParts" count="1" tags="learnable,workbenchCrafting" craft_area="workbench" craft_time="16">
			<ingredient name="gunExplosivesT3RocketLauncherParts" count="1" />
		</recipe>
		<recipe name="Disassemble gunAk47Parts" count="1" tags="learnable,workbenchCrafting" craft_area="workbench" craft_time="16">
			<ingredient name="gunMGT1AK47Parts" count="1" />
		</recipe>
		<recipe name="Disassemble gunHuntingRifleParts" count="1" tags="learnable,workbenchCrafting" craft_area="workbench" craft_time="16">
			<ingredient name="gunRifleT1HuntingRifleParts" count="1" />
		</recipe>
		<recipe name="Disassemble armorSteelSetParts" count="1" tags="learnable,workbenchCrafting" craft_area="workbench" craft_time="16">
			<ingredient name="armorSteelSetParts" count="1" />
		</recipe>
		<recipe name="Disassemble meleeToolAllSteelParts" count="1" tags="learnable,workbenchCrafting" craft_area="workbench" craft_time="16">
			<ingredient name="meleeToolAllSteelParts" count="1" />
		</recipe>
		<recipe name="Disassemble gunBowWoodenParts" count="1" tags="learnable,workbenchCrafting" craft_area="workbench" craft_time="16">
			<ingredient name="gunBowT1WoodenBowParts" count="1" />
		</recipe>
		<recipe name="Disassemble gunPistolParts" count="1" tags="learnable,workbenchCrafting" craft_area="workbench" craft_time="16">
			<ingredient name="gunHandgunT1PistolParts" count="1" />
		</recipe>
		<recipe name="Disassemble armorMilitarySetParts" count="1" tags="learnable,workbenchCrafting" craft_area="workbench" craft_time="16">
			<ingredient name="armorMilitarySetParts" count="1" />
		</recipe>
		<recipe name="Disassemble meleeToolChainsawParts" tags="learnable,workbenchCrafting" count="1" craft_area="workbench" craft_time="16">
			<ingredient name="meleeToolAxeT3ChainsawParts" count="1" />
		</recipe>
		<recipe name="Disassemble gunDoubleBarrelShotgunParts" tags="learnable,workbenchCrafting" count="1" craft_area="workbench" craft_time="16">
			<ingredient name="gunShotgunT1DoubleBarrelParts" count="1" />
		</recipe>
		<recipe name="gunShotgunT1DoubleBarrelParts" count="1" tags="learnable,workbenchCrafting" craft_area="workbench" craft_time="30">
			<ingredient name="resourceSpring" count="1"></ingredient>
			<ingredient name="resourceMechanicalParts" count="3"></ingredient>
			<ingredient name="resourceForgedSteel" count="8"></ingredient>
		</recipe>
		<recipe name="meleeToolAxeT3ChainsawParts" count="1" craft_time="30" craft_area="workbench" tags="perkAdvancedEngineering,learnable,workbenchCrafting">
			<ingredient name="resourceSpring" count="2" />
			<ingredient name="resourceMechanicalParts" count="5" />
			<ingredient name="resourceForgedSteel" count="10" />
		</recipe>
		<recipe name="armorMilitarySetParts" count="1" craft_time="30" craft_area="workbench" tags="learnable,workbenchCrafting">
			<ingredient name="resourceSpring" count="2" />
			<ingredient name="resourceMechanicalParts" count="5" />
			<ingredient name="resourceForgedSteel" count="10" />
		</recipe>
		<recipe name="gunHandgunT1PistolParts" count="1" tags="learnable,workbenchCrafting" craft_area="workbench" craft_time="30">
			<ingredient name="resourceSpring" count="1" />
			<ingredient name="resourceMechanicalParts" count="2" />
			<ingredient name="resourceForgedSteel" count="5" />
		</recipe>
		<recipe name="gunBowT1WoodenBowParts" count="1" tags="learnable,workbenchCrafting" craft_area="workbench" craft_time="30">
			<ingredient name="resourceSpring" count="1" />
			<ingredient name="resourceMechanicalParts" count="2" />
			<ingredient name="resourceForgedIron" count="5" />
		</recipe>
		<recipe name="meleeToolAllSteelParts" count="1" tags="learnable,workbenchCrafting" craft_area="workbench" craft_time="30">
			<ingredient name="resourceSpring" count="1" />
			<ingredient name="resourceMechanicalParts" count="2" />
			<ingredient name="resourceForgedSteel" count="5" />
		</recipe>
		<recipe name="armorSteelSetParts" count="1" tags="learnable,workbenchCrafting" craft_area="workbench" craft_time="30">
			<ingredient name="resourceSpring" count="1" />
			<ingredient name="resourceMechanicalParts" count="2" />
			<ingredient name="resourceForgedSteel" count="5" />
		</recipe>
		<recipe name="gunRifleT1HuntingRifleParts" count="1" tags="learnable,workbenchCrafting" craft_area="workbench" craft_time="30">
			<ingredient name="resourceSpring" count="2" />
			<ingredient name="resourceMechanicalParts" count="3" />
			<ingredient name="resourceForgedSteel" count="8" />
		</recipe>
		<recipe name="gunMGT1AK47Parts" count="1" tags="learnable,workbenchCrafting" craft_area="workbench" craft_time="30">
			<ingredient name="resourceSpring" count="2" />
			<ingredient name="resourceMechanicalParts" count="5" />
			<ingredient name="resourceForgedSteel" count="10" />
		</recipe>
		<recipe name="gunExplosivesT3RocketLauncherParts" count="1" tags="learnable,workbenchCrafting" craft_area="workbench" craft_time="30">
			<ingredient name="resourceSpring" count="2" />
			<ingredient name="resourceMechanicalParts" count="6" />
			<ingredient name="resourceForgedSteel" count="12" />
		</recipe>
		<recipe name="gunBotRoboticsParts" count="1" tags="learnable,workbenchCrafting" craft_area="workbench" craft_time="30">
			<ingredient name="resourceSpring" count="1" />
			<ingredient name="resourceMechanicalParts" count="2" />
			<ingredient name="resourceForgedSteel" count="5" />
		</recipe>
		<recipe name="meleeWpnBatonT2StunBatonParts" count="1" tags="learnable,workbenchCrafting" craft_area="workbench" craft_time="30">
			<ingredient name="resourceSpring" count="1" />
			<ingredient name="resourceMechanicalParts" count="2" />
			<ingredient name="resourceForgedSteel" count="5" />
		</recipe>
		<recipe name="meleeWpnKnucklesT3SteelKnucklesParts" count="1" tags="learnable,workbenchCrafting" craft_area="workbench" craft_time="30">
			<ingredient name="resourceSpring" count="1" />
			<ingredient name="resourceMechanicalParts" count="2" />
			<ingredient name="resourceForgedSteel" count="5" />
		</recipe>
		<recipe name="meleeWpnBladeT3MacheteParts" count="1" tags="learnable,workbenchCrafting" craft_area="workbench" craft_time="30">
			<ingredient name="resourceSpring" count="1" />
			<ingredient name="resourceMechanicalParts" count="2" />
			<ingredient name="resourceForgedSteel" count="7" />
		</recipe>
		<recipe name="meleeWpnSpearT3SteelSpearParts" count="1" tags="learnable,workbenchCrafting" craft_area="workbench" craft_time="30">
			<ingredient name="resourceSpring" count="1" />
			<ingredient name="resourceMechanicalParts" count="3" />
			<ingredient name="resourceForgedSteel" count="7" />
		</recipe>
		<recipe name="meleeWpnSledgeT3SteelSledgehammerParts" count="1" tags="learnable,workbenchCrafting" craft_area="workbench" craft_time="30">
			<ingredient name="resourceSpring" count="1" />
			<ingredient name="resourceMechanicalParts" count="2" />
			<ingredient name="resourceForgedSteel" count="10" />
		</recipe>
	</append>
</WrathmaniacsAllPartsCraftable>