<WrathmaniacsImmersiveSchematicsEndPatch>
	<!-- 
		IMPORTANT: 
		A schematic shard ingredient count cannot be below 10, if it is then the players can create shards for free by creating cheap schematics.
		This is going to be expected in easy as the shards recieved is 6. The lowest a recipe can get is currently five. 
		Taking time needed for crafting a schematic into consideration, this is acceptable with the easy difficulty.			
	-->
	<!-- To speed up the process I defaulted most schematic recipes to 50 then, using some global sets I was able to easily add variation accross the board. -->
	<!-- That is what ths is is a bunch of sets based on certain categories to add variation -->
	<!-- Gun Mods -->
	<set xpath="/recipes/recipe[contains(@name,'mod') and contains(@name,'Gun')]/ingredient[@name='resourceSchematicPiece']/@count">35</set>
	<set xpath="/recipes/recipe[contains(@name,'modGun') and contains(@name,'Schematic')]/@tags">perkGunModder,learnable,schematicCrafting</set>
	<!-- Armor Mods -->
	<set xpath="/recipes/recipe[contains(@name,'mod') and contains(@name,'Armor')]/ingredient[@name='resourceSchematicPiece']/@count">35</set>
	<set xpath="/recipes/recipe[contains(@name,'modArmor') and contains(@name,'Schematic')]/@tags">perkArmorModder,learnable,schematicCrafting</set>
	<!-- Melee Mods -->
	<set xpath="/recipes/recipe[contains(@name,'mod') and contains(@name,'Melee')]/ingredient[@name='resourceSchematicPiece']/@count">30</set>
	<set xpath="/recipes/recipe[contains(@name,'modMelee') and contains(@name,'Schematic')]/@tags">perkMeleeModder,learnable,schematicCrafting</set>
	<!-- T1 item or iron  -->
	<set xpath="/recipes/recipe[contains(@name,'T1') or contains(@name,'Iron')]/ingredient[@name='resourceSchematicPiece']/@count">30</set>
	<!-- T3 -->
	<set xpath="/recipes/recipe[contains(@name,'T3')]/ingredient[@name='resourceSchematicPiece']/@count">75</set>
	<!-- planted , foods, and drinks-->
	<set xpath="/recipes/recipe[contains(@name,'planted') or contains(@name,'drink') or contains(@name,'food')]/ingredient[@name='resourceSchematicPiece']/@count">10</set>
	<!--  grandpas drinks, food or drugs -->
	<set xpath="/recipes/recipe[contains(@name,'Grandpas') or contains(@name,'drug')]/ingredient[@name='resourceSchematicPiece']/@count">40</set>
	<!-- Steel  -->
	<set xpath="/recipes/recipe[contains(@name,'Steel')]/ingredient[@name='resourceSchematicPiece']/@count">75</set>		
	<!-- Here begins the perk tags. -->
	<!-- drug -->
	<append xpath="/recipes/recipe[contains(@name,'drug') and contains(@name,'Schematic')]/@tags">,perkPhysician</append>
	<!--  medical-->
	<append xpath="/recipes/recipe[contains(@name,'medical') and contains(@name,'Schematic')]/@tags">,perkPhysician</append>
	<!--  drink-->
	<append xpath="/recipes/recipe[contains(@name,'drink') and contains(@name,'Schematic')]/@tags">,perkMasterChef</append>
	<!--  food-->
	<append xpath="/recipes/recipe[contains(@name,'food') and contains(@name,'Schematic')]/@tags">,perkMasterChef</append>
	<!-- planted -->
	<append xpath="/recipes/recipe[contains(@name,'planted') and contains(@name,'Schematic')]/@tags">,perkLivingOffTheLand</append>
	<!-- vehicle  -->
	<append xpath="/recipes/recipe[contains(@name,'vehicle') and contains(@name,'Schematic')]/@tags">,perkGreaseMonkey</append>
	<!-- GUNS -->
	<!-- gunHandgun  -->
	<append xpath="/recipes/recipe[contains(@name,'gunHandgun') and contains(@name,'Schematic')]/@tags">,perkGunslinger</append>
	<!-- gunMG  -->
	<append xpath="/recipes/recipe[contains(@name,'gunMG') and contains(@name,'Schematic')]/@tags">,perkMachineGunner</append>
	<!-- gunRifle  -->
	<append xpath="/recipes/recipe[contains(@name,'gunRifle') and contains(@name,'Schematic')]/@tags">,perkDeadEye</append>
	<!-- gunShotgun  -->
	<append xpath="/recipes/recipe[contains(@name,'gunShotgun') and contains(@name,'Schematic')]/@tags">,perkBoomstick</append>
	<!-- thrown  -->
	<append xpath="/recipes/recipe[contains(@name,'thrown') and contains(@name,'Schematic')]/@tags">,perkDemolitionsExpert</append>
	<!-- Bows -->
	<append xpath="/recipes/recipe[contains(@name,'gunBow') and contains(@name,'Schematic')]/@tags">,perkArchery</append>

	<!-- Melee Tools -->
	<!-- meleeToolSalvage -->
	<append xpath="/recipes/recipe[contains(@name,'meleeToolSalvage') and contains(@name,'Schematic')]/@tags">,perkSalvageOperations</append>
	<!-- meleeTool NOT Salvage-->
	<append xpath="/recipes/recipe[contains(@name,'meleeTool') and not(contains(@name,'Salvage')) and contains(@name,'Schematic')]/@tags">,perkMiner69r</append>
	<!-- Melee Weapns -->
	<!-- Knuckles -->
	<append xpath="/recipes/recipe[contains(@name,'meleeWpnKnuckles') and contains(@name,'Schematic')]/@tags">,perkBrawler</append>
	<!-- Spears -->
	<append xpath="/recipes/recipe[contains(@name,'meleeWpnSpear') and contains(@name,'Schematic')]/@tags">,perkJavelinMaster</append>
	<!-- Clubs -->
	<append xpath="/recipes/recipe[contains(@name,'meleeWpnClub') and contains(@name,'Schematic')]/@tags">,perkPummelPete</append>
	<!-- Sledge -->
	<append xpath="/recipes/recipe[contains(@name,'meleeWpnSledge') and contains(@name,'Schematic')]/@tags">,perkSkullCrusher</append>
	<!-- Blade -->
	<append xpath="/recipes/recipe[contains(@name,'meleeWpnBlade') and contains(@name,'Schematic')]/@tags">,perkDeepCuts</append>
	<!-- Baton -->
	<append xpath="/recipes/recipe[contains(@name,'meleeWpnBaton') and contains(@name,'Schematic')]/@tags">,perkElectrocutioner</append>
	<!-- Adds it to every schematic recipe -->
	<append xpath="/recipes/recipe[contains(@name,'Schematic')]">
		<effect_group>
			<passive_effect name="CraftingIngredientCount" level="5" operation="perc_add" value="-.5" tags="resourceSchematicPiece" />
			<passive_effect name="CraftingIngredientCount" level="4" operation="perc_add" value="-.45" tags="resourceSchematicPiece" />
			<passive_effect name="CraftingIngredientCount" level="3" operation="perc_add" value="-.4" tags="resourceSchematicPiece" />
			<passive_effect name="CraftingIngredientCount" level="2" operation="perc_add" value="-.3" tags="resourceSchematicPiece" />
			<passive_effect name="CraftingIngredientCount" level="1" operation="perc_add" value="-.2" tags="resourceSchematicPiece" />
		</effect_group>
	</append>
</WrathmaniacsImmersiveSchematicsEndPatch>
