<WrathmaniacsImmersiveSchematicsHard>
	<append xpath="/items">
		<item name="resourceLockPickSchematic">
			<property name="Extends" value="schematicNoQualityMaster" />
			<property name="CreativeMode" value="Player" />
			<property name="CustomIcon" value="resourceLockPick" />
			<property name="Unlocks" value="resourceLockPick" />
			<effect_group tiered="false">
				<triggered_effect trigger="onSelfPrimaryActionEnd" action="ModifyCVar" cvar="resourceLockPick" operation="set" value="1" />
				<triggered_effect trigger="onSelfPrimaryActionEnd" action="GiveExp" exp="50" />
			</effect_group>
		</item>
		<item name="junkMinesSchematic">
			<property name="Extends" value="schematicNoQualityMaster" />
			<property name="CreativeMode" value="Player" />
			<property name="CustomIcon" value="mineHubcap" />
			<property name="Unlocks" value="mineHubcap" />
			<effect_group tiered="false">
				<triggered_effect trigger="onSelfPrimaryActionEnd" action="ModifyCVar" cvar="mineCookingPot" operation="set" value="1" />
				<triggered_effect trigger="onSelfPrimaryActionEnd" action="ModifyCVar" cvar="rScrapIronPlateMine" operation="set" value="1" />
				<triggered_effect trigger="onSelfPrimaryActionEnd" action="ModifyCVar" cvar="mineHubcap" operation="set" value="1" />
				<triggered_effect trigger="onSelfPrimaryActionEnd" action="GiveExp" exp="50" />
			</effect_group>
		</item>
		<item name="mineAirFilterSchematic">
			<property name="Extends" value="schematicNoQualityMaster" />
			<property name="CreativeMode" value="Player" />
			<property name="CustomIcon" value="mineAirFilter" />
			<property name="Unlocks" value="mineAirFilter" />
			<effect_group tiered="false">
				<triggered_effect trigger="onSelfPrimaryActionEnd" action="ModifyCVar" cvar="mineAirFilter" operation="set" value="1" />
				<triggered_effect trigger="onSelfPrimaryActionEnd" action="GiveExp" exp="50" />
			</effect_group>
		</item>
		<item name="electricwirerelaySchematic">
			<property name="Extends" value="schematicNoQualityMaster" />
			<property name="CreativeMode" value="Player" />
			<property name="CustomIcon" value="electricwirerelay" />
			<property name="Unlocks" value="electricwirerelay" />
			<effect_group tiered="false">
				<triggered_effect trigger="onSelfPrimaryActionEnd" action="ModifyCVar" cvar="electricwirerelay" operation="set" value="1" />
				<triggered_effect trigger="onSelfPrimaryActionEnd" action="GiveExp" exp="50" />
			</effect_group>
		</item>
		<item name="armorMiningHelmetSchematic">
			<property name="Extends" value="schematicNoQualityMaster" />
			<property name="CreativeMode" value="Player" />
			<property name="CustomIcon" value="armorMiningHelmet" />
			<property name="Unlocks" value="armorMiningHelmet" />
			<effect_group tiered="false">
				<triggered_effect trigger="onSelfPrimaryActionEnd" action="ModifyCVar" cvar="armorMiningHelmet" operation="set" value="1" />
				<triggered_effect trigger="onSelfPrimaryActionEnd" action="GiveExp" exp="50" />
			</effect_group>
		</item>
		<item name="ammoGasCanBundleSchematic">
			<property name="Extends" value="schematicNoQualityRecipeMaster" />
			<property name="CreativeMode" value="Player" />
			<property name="CustomIcon" value="ammoGasCan" />
			<property name="Unlocks" value="ammoGasCanBundle" />
			<effect_group tiered="false">
				<triggered_effect trigger="onSelfPrimaryActionEnd" action="ModifyCVar" cvar="ammoGasCanBundle" operation="set" value="1" />
				<triggered_effect trigger="onSelfPrimaryActionEnd" action="GiveExp" exp="50" />
			</effect_group>
		</item>
		<item name="carBatterySchematic">
			<property name="Extends" value="schematicNoQualityMaster" />
			<property name="CreativeMode" value="Player" />
			<property name="CustomIcon" value="carBattery" />
			<property name="Unlocks" value="carBattery" />
			<effect_group tiered="false">
				<triggered_effect trigger="onSelfPrimaryActionEnd" action="ModifyCVar" cvar="carBattery" operation="set" value="1" />
				<triggered_effect trigger="onSelfPrimaryActionEnd" action="GiveExp" exp="50" />
			</effect_group>
		</item>
		<item name="drugPainKillersSchematic">
			<property name="Extends" value="schematicNoQualityMaster" />
			<property name="CreativeMode" value="Player" />
			<property name="CustomIcon" value="drugPainkillers" />
			<property name="Unlocks" value="drugPainkillers" />
			<effect_group tiered="false">
				<triggered_effect trigger="onSelfPrimaryActionEnd" action="ModifyCVar" cvar="drugPainkillers" operation="set" value="1" />
				<triggered_effect trigger="onSelfPrimaryActionEnd" action="GiveExp" exp="50" />
			</effect_group>
		</item>
		<item name="drugRecogSchematic">
			<property name="Extends" value="schematicNoQualityMaster" />
			<property name="CreativeMode" value="Player" />
			<property name="CustomIcon" value="drugRecog" />
			<property name="Unlocks" value="drugRecog" />
			<effect_group tiered="false">
				<triggered_effect trigger="onSelfPrimaryActionEnd" action="ModifyCVar" cvar="drugRecog" operation="set" value="1" />
				<triggered_effect trigger="onSelfPrimaryActionEnd" action="GiveExp" exp="50" />
			</effect_group>
		</item>
		<item name="drugFortBitesSchematic">
			<property name="Extends" value="schematicNoQualityMaster" />
			<property name="CreativeMode" value="Player" />
			<property name="CustomIcon" value="drugFortBites" />
			<property name="Unlocks" value="drugFortBites" />
			<effect_group tiered="false">
				<triggered_effect trigger="onSelfPrimaryActionEnd" action="ModifyCVar" cvar="drugFortBites" operation="set" value="1" />
				<triggered_effect trigger="onSelfPrimaryActionEnd" action="GiveExp" exp="50" />
			</effect_group>
		</item>
		<item name="drugSteroidsSchematic">
			<property name="Extends" value="schematicNoQualityMaster" />
			<property name="CreativeMode" value="Player" />
			<property name="CustomIcon" value="drugSteroids" />
			<property name="Unlocks" value="drugSteroids" />
			<effect_group tiered="false">
				<triggered_effect trigger="onSelfPrimaryActionEnd" action="ModifyCVar" cvar="drugSteroids" operation="set" value="1" />
				<triggered_effect trigger="onSelfPrimaryActionEnd" action="GiveExp" exp="50" />
			</effect_group>
		</item>
		<item name="resourceSchematicPiece">
			<property name="HoldType" value="45" />
			<property name="Tags" value="junk" />
			<property name="ItemTypeIcon" value="book" />
			<property name="DescriptionKey" value="resourceSchematicPieceDesc"/>
			<property name="Meshfile" value="#Other/Items?Misc/sackPrefab.prefab" />
			<property name="DropMeshfile" value="#Other/Items?Misc/sack_droppedPrefab.prefab" />
			<property name="PickupJournalEntry" value="resourceSchematicPieceToolTip"/>
			<property name="Material" value="Mpaper" />
			<property name="Stacknumber" value="200" />
			<property name="FuelValue" value="1" />
			<property name="Weight" value="1" />
			<property name="EconomicValue" value="400" />
			<property name="EconomicBundleSize" value="10" />
			<property name="Group" value="Resources,Chemicals,CFChemicals" />
		</item>
	</append>
	<append xpath="/items/item[@name='schematicMaster']/property[@class='Action0']">
		<property name="Create_item" value="resourceSchematicPiece" />
		<property name="Create_item_count" value="2" />
	</append>
</WrathmaniacsImmersiveSchematicsHard>